institution,state,actual_casual_fte_2023,actual_casual_fte_2023_source_url,actual_casual_fte_2023_source_sheet,actual_casual_fte_2023_source_cell,total_actual_fte_2023,total_actual_fte_2023_source_url,total_actual_fte_2023_source_sheet,total_actual_fte_2023_source_cell,casual_share_actual_fte_2023_pct,casual_share_actual_fte_2023_pct_source_url,casual_share_actual_fte_2023_pct_source_method,casual_share_actual_fte_2023_pct_source_inputs,casual_teaching_only_fte_2023,casual_teaching_only_fte_2023_source_url,casual_teaching_only_fte_2023_source_sheet,casual_teaching_only_fte_2023_source_cell,casual_teaching_only_share_pct_of_total_staff,casual_teaching_only_share_pct_of_total_staff_source_url,casual_teaching_only_share_pct_of_total_staff_source_method,casual_teaching_only_share_pct_of_total_staff_source_inputs,qilt_undergrad_overall_experience_pct,qilt_undergrad_overall_experience_source_url,qilt_undergrad_overall_experience_source_system,qilt_undergrad_overall_experience_source_metric,qilt_undergrad_overall_experience_source_note,qilt_undergrad_overall_experience_source_verification,total_revenue_2023_k_aud,total_revenue_2023_source_url,total_revenue_2023_source_sheet,total_revenue_2023_source_cell,total_revenue_2023_source_note,net_operating_result_2023_k_aud,net_operating_result_2023_source_url,net_operating_result_2023_source_sheet,net_operating_result_2023_source_cell,net_operating_result_2023_source_note,net_margin_2023_pct,net_margin_2023_source_url,net_margin_2023_source_sheet,net_margin_2023_source_cells,net_margin_2023_source_method,net_margin_2023_source_note
Australian Catholic University,Multi-State,517.73,https://www.education.gov.au/download/18777/2024-staff-appendix-1-actual-staff-fte/39838/document/xlsx,A1.17,K47,2485.41,https://www.education.gov.au/download/18777/2024-staff-appendix-1-actual-staff-fte/39838/document/xlsx,A1.10,I46,20.830768,https://www.education.gov.au/download/18777/2024-staff-appendix-1-actual-staff-fte/39838/document/xlsx,Derived as actual_casual_fte_2023 / total_actual_fte_2023 * 100,A1.17!K47;A1.10!I46,375.0,https://www.education.gov.au/download/18777/2024-staff-appendix-1-actual-staff-fte/39838/document/xlsx,A1.15,E46,15.088054,https://www.education.gov.au/download/18777/2024-staff-appendix-1-actual-staff-fte/39838/document/xlsx,Derived as casual_teaching_only_fte_2023 / total_actual_fte_2023 * 100,A1.15!E46;A1.10!I46,79.1,https://www.compared.edu.au/institution/australian-catholic-university/undergraduate,ComparED institution page,Overall undergraduate results – Had a positive overall experience,ComparED displays SES results pooled across the two most recent collection years.,URL verified via web search result,575637.0,https://www.education.gov.au/download/18872/finance-2023-financial-reports-higher-education-providers/40111/2023-higher-education-providers-finance-tables/xlsx,Financial Performance,AN5,Values are from the Financial Performance sheet and are in $'000.,-35722.0,https://www.education.gov.au/download/18872/finance-2023-financial-reports-higher-education-providers/40111/2023-higher-education-providers-finance-tables/xlsx,Financial Performance,AN80,Values are from the Financial Performance sheet and are in $'000.,-6.205647,https://www.education.gov.au/download/18872/finance-2023-financial-reports-higher-education-providers/40111/2023-higher-education-providers-finance-tables/xlsx,Financial Performance,AN5;AN80,Derived as net_operating_result_2023_k_aud / total_revenue_2023_k_aud * 100,Net margin used here as a profitability metric; derived from the Department's finance tables.
Avondale University,New South Wales,35.82,https://www.education.gov.au/download/18777/2024-staff-appendix-1-actual-staff-fte/39838/document/xlsx,A1.17,K5,162.61,https://www.education.gov.au/download/18777/2024-staff-appendix-1-actual-staff-fte/39838/document/xlsx,A1.10,I4,22.028166,https://www.education.gov.au/download/18777/2024-staff-appendix-1-actual-staff-fte/39838/document/xlsx,Derived as actual_casual_fte_2023 / total_actual_fte_2023 * 100,A1.17!K5;A1.10!I4,14.48,https://www.education.gov.au/download/18777/2024-staff-appendix-1-actual-staff-fte/39838/document/xlsx,A1.15,E4,8.904741,https://www.education.gov.au/download/18777/2024-staff-appendix-1-actual-staff-fte/39838/document/xlsx,Derived as casual_teaching_only_fte_2023 / total_actual_fte_2023 * 100,A1.15!E4;A1.10!I4,89.3,https://www.compared.edu.au/institution/avondale-university-college/undergraduate,ComparED institution page,Overall undergraduate results – Had a positive overall experience,ComparED displays SES results pooled across the two most recent collection years.,URL verified via web search result,31088.0,https://www.education.gov.au/download/18872/finance-2023-financial-reports-higher-education-providers/40111/2023-higher-education-providers-finance-tables/xlsx,Financial Performance,AO5,Values are from the Financial Performance sheet and are in $'000.,-4478.0,https://www.education.gov.au/download/18872/finance-2023-financial-reports-higher-education-providers/40111/2023-higher-education-providers-finance-tables/xlsx,Financial Performance,AO80,Values are from the Financial Performance sheet and are in $'000.,-14.404272,https://www.education.gov.au/download/18872/finance-2023-financial-reports-higher-education-providers/40111/2023-higher-education-providers-finance-tables/xlsx,Financial Performance,AO5;AO80,Derived as net_operating_result_2023_k_aud / total_revenue_2023_k_aud * 100,Net margin used here as a profitability metric; derived from the Department's finance tables.
Bond University,Queensland,183.28,https://www.education.gov.au/download/18777/2024-staff-appendix-1-actual-staff-fte/39838/document/xlsx,A1.17,K25,935.83,https://www.education.gov.au/download/18777/2024-staff-appendix-1-actual-staff-fte/39838/document/xlsx,A1.10,I24,19.584754,https://www.education.gov.au/download/18777/2024-staff-appendix-1-actual-staff-fte/39838/document/xlsx,Derived as actual_casual_fte_2023 / total_actual_fte_2023 * 100,A1.17!K25;A1.10!I24,61.45,https://www.education.gov.au/download/18777/2024-staff-appendix-1-actual-staff-fte/39838/document/xlsx,A1.15,E24,6.566364,https://www.education.gov.au/download/18777/2024-staff-appendix-1-actual-staff-fte/39838/document/xlsx,Derived as casual_teaching_only_fte_2023 / total_actual_fte_2023 * 100,A1.15!E24;A1.10!I24,87.3,https://www.compared.edu.au/institution/bond-university/undergraduate,ComparED institution page,Overall undergraduate results – Had a positive overall experience,ComparED displays SES results pooled across the two most recent collection years.,URL constructed from standard ComparED institution-page pattern,228746.0,https://www.education.gov.au/download/18872/finance-2023-financial-reports-higher-education-providers/40111/2023-higher-education-providers-finance-tables/xlsx,Financial Performance,AP5,Values are from the Financial Performance sheet and are in $'000.,3973.0,https://www.education.gov.au/download/18872/finance-2023-financial-reports-higher-education-providers/40111/2023-higher-education-providers-finance-tables/xlsx,Financial Performance,AP80,Values are from the Financial Performance sheet and are in $'000.,1.736861,https://www.education.gov.au/download/18872/finance-2023-financial-reports-higher-education-providers/40111/2023-higher-education-providers-finance-tables/xlsx,Financial Performance,AP5;AP80,Derived as net_operating_result_2023_k_aud / total_revenue_2023_k_aud * 100,Net margin used here as a profitability metric; derived from the Department's finance tables.
CQUniversity,Queensland,187.52,https://www.education.gov.au/download/18777/2024-staff-appendix-1-actual-staff-fte/39838/document/xlsx,A1.17,K26,1666.16,https://www.education.gov.au/download/18777/2024-staff-appendix-1-actual-staff-fte/39838/document/xlsx,A1.10,I25,11.254621,https://www.education.gov.au/download/18777/2024-staff-appendix-1-actual-staff-fte/39838/document/xlsx,Derived as actual_casual_fte_2023 / total_actual_fte_2023 * 100,A1.17!K26;A1.10!I25,141.68,https://www.education.gov.au/download/18777/2024-staff-appendix-1-actual-staff-fte/39838/document/xlsx,A1.15,E25,8.503385,https://www.education.gov.au/download/18777/2024-staff-appendix-1-actual-staff-fte/39838/document/xlsx,Derived as casual_teaching_only_fte_2023 / total_actual_fte_2023 * 100,A1.15!E25;A1.10!I25,78.6,https://www.compared.edu.au/institution/cquniversity-australia/undergraduate,ComparED institution page,Overall undergraduate results – Had a positive overall experience,ComparED displays SES results pooled across the two most recent collection years.,URL verified via web search result,478573.0,https://www.education.gov.au/download/18872/finance-2023-financial-reports-higher-education-providers/40111/2023-higher-education-providers-finance-tables/xlsx,Financial Performance,T5,Values are from the Financial Performance sheet and are in $'000.,-6072.0,https://www.education.gov.au/download/18872/finance-2023-financial-reports-higher-education-providers/40111/2023-higher-education-providers-finance-tables/xlsx,Financial Performance,T80,Values are from the Financial Performance sheet and are in $'000.,-1.268772,https://www.education.gov.au/download/18872/finance-2023-financial-reports-higher-education-providers/40111/2023-higher-education-providers-finance-tables/xlsx,Financial Performance,T5;T80,Derived as net_operating_result_2023_k_aud / total_revenue_2023_k_aud * 100,Net margin used here as a profitability metric; derived from the Department's finance tables.
Charles Darwin University,Northern Territory,87.56,https://www.education.gov.au/download/18777/2024-staff-appendix-1-actual-staff-fte/39838/document/xlsx,A1.17,K44,753.54,https://www.education.gov.au/download/18777/2024-staff-appendix-1-actual-staff-fte/39838/document/xlsx,A1.10,I43,11.619821,https://www.education.gov.au/download/18777/2024-staff-appendix-1-actual-staff-fte/39838/document/xlsx,Derived as actual_casual_fte_2023 / total_actual_fte_2023 * 100,A1.17!K44;A1.10!I43,60.19,https://www.education.gov.au/download/18777/2024-staff-appendix-1-actual-staff-fte/39838/document/xlsx,A1.15,E43,7.987632,https://www.education.gov.au/download/18777/2024-staff-appendix-1-actual-staff-fte/39838/document/xlsx,Derived as casual_teaching_only_fte_2023 / total_actual_fte_2023 * 100,A1.15!E43;A1.10!I43,72.5,https://www.compared.edu.au/institution/charles-darwin-university/undergraduate,ComparED institution page,Overall undergraduate results – Had a positive overall experience,ComparED displays SES results pooled across the two most recent collection years.,URL constructed from standard ComparED institution-page pattern,342014.0,https://www.education.gov.au/download/18872/finance-2023-financial-reports-higher-education-providers/40111/2023-higher-education-providers-finance-tables/xlsx,Financial Performance,AK5,Values are from the Financial Performance sheet and are in $'000.,-20603.0,https://www.education.gov.au/download/18872/finance-2023-financial-reports-higher-education-providers/40111/2023-higher-education-providers-finance-tables/xlsx,Financial Performance,AK80,Values are from the Financial Performance sheet and are in $'000.,-6.024022,https://www.education.gov.au/download/18872/finance-2023-financial-reports-higher-education-providers/40111/2023-higher-education-providers-finance-tables/xlsx,Financial Performance,AK5;AK80,Derived as net_operating_result_2023_k_aud / total_revenue_2023_k_aud * 100,Net margin used here as a profitability metric; derived from the Department's finance tables.
Charles Sturt University,New South Wales,306.13,https://www.education.gov.au/download/18777/2024-staff-appendix-1-actual-staff-fte/39838/document/xlsx,A1.17,K6,2318.38,https://www.education.gov.au/download/18777/2024-staff-appendix-1-actual-staff-fte/39838/document/xlsx,A1.10,I5,13.204479,https://www.education.gov.au/download/18777/2024-staff-appendix-1-actual-staff-fte/39838/document/xlsx,Derived as actual_casual_fte_2023 / total_actual_fte_2023 * 100,A1.17!K6;A1.10!I5,222.75,https://www.education.gov.au/download/18777/2024-staff-appendix-1-actual-staff-fte/39838/document/xlsx,A1.15,E5,9.608002,https://www.education.gov.au/download/18777/2024-staff-appendix-1-actual-staff-fte/39838/document/xlsx,Derived as casual_teaching_only_fte_2023 / total_actual_fte_2023 * 100,A1.15!E5;A1.10!I5,78.2,https://www.compared.edu.au/institution/charles-sturt-university/undergraduate,ComparED institution page,Overall undergraduate results – Had a positive overall experience,ComparED displays SES results pooled across the two most recent collection years.,URL constructed from standard ComparED institution-page pattern,492562.0,https://www.education.gov.au/download/18872/finance-2023-financial-reports-higher-education-providers/40111/2023-higher-education-providers-finance-tables/xlsx,Financial Performance,B5,Values are from the Financial Performance sheet and are in $'000.,-75822.0,https://www.education.gov.au/download/18872/finance-2023-financial-reports-higher-education-providers/40111/2023-higher-education-providers-finance-tables/xlsx,Financial Performance,B80,Values are from the Financial Performance sheet and are in $'000.,-15.393392,https://www.education.gov.au/download/18872/finance-2023-financial-reports-higher-education-providers/40111/2023-higher-education-providers-finance-tables/xlsx,Financial Performance,B5;B80,Derived as net_operating_result_2023_k_aud / total_revenue_2023_k_aud * 100,Net margin used here as a profitability metric; derived from the Department's finance tables.
Curtin University,Western Australia,627.26,https://www.education.gov.au/download/18777/2024-staff-appendix-1-actual-staff-fte/39838/document/xlsx,A1.17,K33,3762.53,https://www.education.gov.au/download/18777/2024-staff-appendix-1-actual-staff-fte/39838/document/xlsx,A1.10,I32,16.671229,https://www.education.gov.au/download/18777/2024-staff-appendix-1-actual-staff-fte/39838/document/xlsx,Derived as actual_casual_fte_2023 / total_actual_fte_2023 * 100,A1.17!K33;A1.10!I32,382.68,https://www.education.gov.au/download/18777/2024-staff-appendix-1-actual-staff-fte/39838/document/xlsx,A1.15,E32,10.170816,https://www.education.gov.au/download/18777/2024-staff-appendix-1-actual-staff-fte/39838/document/xlsx,Derived as casual_teaching_only_fte_2023 / total_actual_fte_2023 * 100,A1.15!E32;A1.10!I32,75.8,https://www.compared.edu.au/institution/curtin-university-of-technology/undergraduate,ComparED institution page,Overall undergraduate results – Had a positive overall experience,ComparED displays SES results pooled across the two most recent collection years.,URL verified via web search result,1084402.0,https://www.education.gov.au/download/18872/finance-2023-financial-reports-higher-education-providers/40111/2023-higher-education-providers-finance-tables/xlsx,Financial Performance,AA5,Values are from the Financial Performance sheet and are in $'000.,-12991.0,https://www.education.gov.au/download/18872/finance-2023-financial-reports-higher-education-providers/40111/2023-higher-education-providers-finance-tables/xlsx,Financial Performance,AA80,Values are from the Financial Performance sheet and are in $'000.,-1.197987,https://www.education.gov.au/download/18872/finance-2023-financial-reports-higher-education-providers/40111/2023-higher-education-providers-finance-tables/xlsx,Financial Performance,AA5;AA80,Derived as net_operating_result_2023_k_aud / total_revenue_2023_k_aud * 100,Net margin used here as a profitability metric; derived from the Department's finance tables.
Deakin University,Victoria,678.46,https://www.education.gov.au/download/18777/2024-staff-appendix-1-actual-staff-fte/39838/document/xlsx,A1.17,K16,5014.55,https://www.education.gov.au/download/18777/2024-staff-appendix-1-actual-staff-fte/39838/document/xlsx,A1.10,I15,13.529828,https://www.education.gov.au/download/18777/2024-staff-appendix-1-actual-staff-fte/39838/document/xlsx,Derived as actual_casual_fte_2023 / total_actual_fte_2023 * 100,A1.17!K16;A1.10!I15,452.03,https://www.education.gov.au/download/18777/2024-staff-appendix-1-actual-staff-fte/39838/document/xlsx,A1.15,E15,9.014368,https://www.education.gov.au/download/18777/2024-staff-appendix-1-actual-staff-fte/39838/document/xlsx,Derived as casual_teaching_only_fte_2023 / total_actual_fte_2023 * 100,A1.15!E15;A1.10!I15,80.6,https://www.compared.edu.au/institution/deakin-university/undergraduate,ComparED institution page,Overall undergraduate results – Had a positive overall experience,ComparED displays SES results pooled across the two most recent collection years.,URL constructed from standard ComparED institution-page pattern,1287957.0,https://www.education.gov.au/download/18872/finance-2023-financial-reports-higher-education-providers/40111/2023-higher-education-providers-finance-tables/xlsx,Financial Performance,M5,Values are from the Financial Performance sheet and are in $'000.,-49749.0,https://www.education.gov.au/download/18872/finance-2023-financial-reports-higher-education-providers/40111/2023-higher-education-providers-finance-tables/xlsx,Financial Performance,M80,Values are from the Financial Performance sheet and are in $'000.,-3.862629,https://www.education.gov.au/download/18872/finance-2023-financial-reports-higher-education-providers/40111/2023-higher-education-providers-finance-tables/xlsx,Financial Performance,M5;M80,Derived as net_operating_result_2023_k_aud / total_revenue_2023_k_aud * 100,Net margin used here as a profitability metric; derived from the Department's finance tables.
Edith Cowan University,Western Australia,434.56,https://www.education.gov.au/download/18777/2024-staff-appendix-1-actual-staff-fte/39838/document/xlsx,A1.17,K34,2087.35,https://www.education.gov.au/download/18777/2024-staff-appendix-1-actual-staff-fte/39838/document/xlsx,A1.10,I33,20.818741,https://www.education.gov.au/download/18777/2024-staff-appendix-1-actual-staff-fte/39838/document/xlsx,Derived as actual_casual_fte_2023 / total_actual_fte_2023 * 100,A1.17!K34;A1.10!I33,244.17,https://www.education.gov.au/download/18777/2024-staff-appendix-1-actual-staff-fte/39838/document/xlsx,A1.15,E33,11.697607,https://www.education.gov.au/download/18777/2024-staff-appendix-1-actual-staff-fte/39838/document/xlsx,Derived as casual_teaching_only_fte_2023 / total_actual_fte_2023 * 100,A1.15!E33;A1.10!I33,80.8,https://www.compared.edu.au/institution/edith-cowan-university/undergraduate,ComparED institution page,Overall undergraduate results – Had a positive overall experience,ComparED displays SES results pooled across the two most recent collection years.,URL constructed from standard ComparED institution-page pattern,677136.0,https://www.education.gov.au/download/18872/finance-2023-financial-reports-higher-education-providers/40111/2023-higher-education-providers-finance-tables/xlsx,Financial Performance,AB5,Values are from the Financial Performance sheet and are in $'000.,194180.0,https://www.education.gov.au/download/18872/finance-2023-financial-reports-higher-education-providers/40111/2023-higher-education-providers-finance-tables/xlsx,Financial Performance,AB80,Values are from the Financial Performance sheet and are in $'000.,28.676662,https://www.education.gov.au/download/18872/finance-2023-financial-reports-higher-education-providers/40111/2023-higher-education-providers-finance-tables/xlsx,Financial Performance,AB5;AB80,Derived as net_operating_result_2023_k_aud / total_revenue_2023_k_aud * 100,Net margin used here as a profitability metric; derived from the Department's finance tables.
Federation University Australia,Victoria,233.09,https://www.education.gov.au/download/18777/2024-staff-appendix-1-actual-staff-fte/39838/document/xlsx,A1.17,K17,1467.69,https://www.education.gov.au/download/18777/2024-staff-appendix-1-actual-staff-fte/39838/document/xlsx,A1.10,I16,15.881419,https://www.education.gov.au/download/18777/2024-staff-appendix-1-actual-staff-fte/39838/document/xlsx,Derived as actual_casual_fte_2023 / total_actual_fte_2023 * 100,A1.17!K17;A1.10!I16,118.51,https://www.education.gov.au/download/18777/2024-staff-appendix-1-actual-staff-fte/39838/document/xlsx,A1.15,E16,8.074593,https://www.education.gov.au/download/18777/2024-staff-appendix-1-actual-staff-fte/39838/document/xlsx,Derived as casual_teaching_only_fte_2023 / total_actual_fte_2023 * 100,A1.15!E16;A1.10!I16,77.2,https://www.compared.edu.au/institution/federation-university-australia/undergraduate,ComparED institution page,Overall undergraduate results – Had a positive overall experience,ComparED displays SES results pooled across the two most recent collection years.,URL verified via web search result,295890.0,https://www.education.gov.au/download/18872/finance-2023-financial-reports-higher-education-providers/40111/2023-higher-education-providers-finance-tables/xlsx,Financial Performance,L5,Values are from the Financial Performance sheet and are in $'000.,-80961.0,https://www.education.gov.au/download/18872/finance-2023-financial-reports-higher-education-providers/40111/2023-higher-education-providers-finance-tables/xlsx,Financial Performance,L80,Values are from the Financial Performance sheet and are in $'000.,-27.361857,https://www.education.gov.au/download/18872/finance-2023-financial-reports-higher-education-providers/40111/2023-higher-education-providers-finance-tables/xlsx,Financial Performance,L5;L80,Derived as net_operating_result_2023_k_aud / total_revenue_2023_k_aud * 100,Net margin used here as a profitability metric; derived from the Department's finance tables.
Flinders University,South Australia,312.85,https://www.education.gov.au/download/18777/2024-staff-appendix-1-actual-staff-fte/39838/document/xlsx,A1.17,K38,2490.14,https://www.education.gov.au/download/18777/2024-staff-appendix-1-actual-staff-fte/39838/document/xlsx,A1.10,I37,12.563551,https://www.education.gov.au/download/18777/2024-staff-appendix-1-actual-staff-fte/39838/document/xlsx,Derived as actual_casual_fte_2023 / total_actual_fte_2023 * 100,A1.17!K38;A1.10!I37,194.94,https://www.education.gov.au/download/18777/2024-staff-appendix-1-actual-staff-fte/39838/document/xlsx,A1.15,E37,7.828476,https://www.education.gov.au/download/18777/2024-staff-appendix-1-actual-staff-fte/39838/document/xlsx,Derived as casual_teaching_only_fte_2023 / total_actual_fte_2023 * 100,A1.15!E37;A1.10!I37,78.7,https://www.compared.edu.au/institution/flinders-university/undergraduate,ComparED institution page,Overall undergraduate results – Had a positive overall experience,ComparED displays SES results pooled across the two most recent collection years.,URL constructed from standard ComparED institution-page pattern,634753.0,https://www.education.gov.au/download/18872/finance-2023-financial-reports-higher-education-providers/40111/2023-higher-education-providers-finance-tables/xlsx,Financial Performance,AG5,Values are from the Financial Performance sheet and are in $'000.,25662.0,https://www.education.gov.au/download/18872/finance-2023-financial-reports-higher-education-providers/40111/2023-higher-education-providers-finance-tables/xlsx,Financial Performance,AG80,Values are from the Financial Performance sheet and are in $'000.,4.042832,https://www.education.gov.au/download/18872/finance-2023-financial-reports-higher-education-providers/40111/2023-higher-education-providers-finance-tables/xlsx,Financial Performance,AG5;AG80,Derived as net_operating_result_2023_k_aud / total_revenue_2023_k_aud * 100,Net margin used here as a profitability metric; derived from the Department's finance tables.
Griffith University,Queensland,667.37,https://www.education.gov.au/download/18777/2024-staff-appendix-1-actual-staff-fte/39838/document/xlsx,A1.17,K27,4451.98,https://www.education.gov.au/download/18777/2024-staff-appendix-1-actual-staff-fte/39838/document/xlsx,A1.10,I26,14.990409,https://www.education.gov.au/download/18777/2024-staff-appendix-1-actual-staff-fte/39838/document/xlsx,Derived as actual_casual_fte_2023 / total_actual_fte_2023 * 100,A1.17!K27;A1.10!I26,389.13,https://www.education.gov.au/download/18777/2024-staff-appendix-1-actual-staff-fte/39838/document/xlsx,A1.15,E26,8.740605,https://www.education.gov.au/download/18777/2024-staff-appendix-1-actual-staff-fte/39838/document/xlsx,Derived as casual_teaching_only_fte_2023 / total_actual_fte_2023 * 100,A1.15!E26;A1.10!I26,79.1,https://www.compared.edu.au/institution/griffith-university/undergraduate,ComparED institution page,Overall undergraduate results – Had a positive overall experience,ComparED displays SES results pooled across the two most recent collection years.,URL constructed from standard ComparED institution-page pattern,1092735.0,https://www.education.gov.au/download/18872/finance-2023-financial-reports-higher-education-providers/40111/2023-higher-education-providers-finance-tables/xlsx,Financial Performance,U5,Values are from the Financial Performance sheet and are in $'000.,-66681.0,https://www.education.gov.au/download/18872/finance-2023-financial-reports-higher-education-providers/40111/2023-higher-education-providers-finance-tables/xlsx,Financial Performance,U80,Values are from the Financial Performance sheet and are in $'000.,-6.102211,https://www.education.gov.au/download/18872/finance-2023-financial-reports-higher-education-providers/40111/2023-higher-education-providers-finance-tables/xlsx,Financial Performance,U5;U80,Derived as net_operating_result_2023_k_aud / total_revenue_2023_k_aud * 100,Net margin used here as a profitability metric; derived from the Department's finance tables.
James Cook University,Queensland,165.16,https://www.education.gov.au/download/18777/2024-staff-appendix-1-actual-staff-fte/39838/document/xlsx,A1.17,K28,1865.91,https://www.education.gov.au/download/18777/2024-staff-appendix-1-actual-staff-fte/39838/document/xlsx,A1.10,I27,8.851445,https://www.education.gov.au/download/18777/2024-staff-appendix-1-actual-staff-fte/39838/document/xlsx,Derived as actual_casual_fte_2023 / total_actual_fte_2023 * 100,A1.17!K28;A1.10!I27,82.85,https://www.education.gov.au/download/18777/2024-staff-appendix-1-actual-staff-fte/39838/document/xlsx,A1.15,E27,4.440193,https://www.education.gov.au/download/18777/2024-staff-appendix-1-actual-staff-fte/39838/document/xlsx,Derived as casual_teaching_only_fte_2023 / total_actual_fte_2023 * 100,A1.15!E27;A1.10!I27,75.0,https://www.compared.edu.au/institution/james-cook-university/undergraduate,ComparED institution page,Overall undergraduate results – Had a positive overall experience,ComparED displays SES results pooled across the two most recent collection years.,URL constructed from standard ComparED institution-page pattern,516721.0,https://www.education.gov.au/download/18872/finance-2023-financial-reports-higher-education-providers/40111/2023-higher-education-providers-finance-tables/xlsx,Financial Performance,V5,Values are from the Financial Performance sheet and are in $'000.,-39740.0,https://www.education.gov.au/download/18872/finance-2023-financial-reports-higher-education-providers/40111/2023-higher-education-providers-finance-tables/xlsx,Financial Performance,V80,Values are from the Financial Performance sheet and are in $'000.,-7.690804,https://www.education.gov.au/download/18872/finance-2023-financial-reports-higher-education-providers/40111/2023-higher-education-providers-finance-tables/xlsx,Financial Performance,V5;V80,Derived as net_operating_result_2023_k_aud / total_revenue_2023_k_aud * 100,Net margin used here as a profitability metric; derived from the Department's finance tables.
La Trobe University,Victoria,345.25,https://www.education.gov.au/download/18777/2024-staff-appendix-1-actual-staff-fte/39838/document/xlsx,A1.17,K18,2957.96,https://www.education.gov.au/download/18777/2024-staff-appendix-1-actual-staff-fte/39838/document/xlsx,A1.10,I17,11.671895,https://www.education.gov.au/download/18777/2024-staff-appendix-1-actual-staff-fte/39838/document/xlsx,Derived as actual_casual_fte_2023 / total_actual_fte_2023 * 100,A1.17!K18;A1.10!I17,228.44,https://www.education.gov.au/download/18777/2024-staff-appendix-1-actual-staff-fte/39838/document/xlsx,A1.15,E17,7.72289,https://www.education.gov.au/download/18777/2024-staff-appendix-1-actual-staff-fte/39838/document/xlsx,Derived as casual_teaching_only_fte_2023 / total_actual_fte_2023 * 100,A1.15!E17;A1.10!I17,76.0,https://www.compared.edu.au/institution/la-trobe-university/undergraduate,ComparED institution page,Overall undergraduate results – Had a positive overall experience,ComparED displays SES results pooled across the two most recent collection years.,URL constructed from standard ComparED institution-page pattern,861103.0,https://www.education.gov.au/download/18872/finance-2023-financial-reports-higher-education-providers/40111/2023-higher-education-providers-finance-tables/xlsx,Financial Performance,N5,Values are from the Financial Performance sheet and are in $'000.,3051.0,https://www.education.gov.au/download/18872/finance-2023-financial-reports-higher-education-providers/40111/2023-higher-education-providers-finance-tables/xlsx,Financial Performance,N80,Values are from the Financial Performance sheet and are in $'000.,0.354313,https://www.education.gov.au/download/18872/finance-2023-financial-reports-higher-education-providers/40111/2023-higher-education-providers-finance-tables/xlsx,Financial Performance,N5;N80,Derived as net_operating_result_2023_k_aud / total_revenue_2023_k_aud * 100,Net margin used here as a profitability metric; derived from the Department's finance tables.
Macquarie University,New South Wales,589.02,https://www.education.gov.au/download/18777/2024-staff-appendix-1-actual-staff-fte/39838/document/xlsx,A1.17,K7,3534.78,https://www.education.gov.au/download/18777/2024-staff-appendix-1-actual-staff-fte/39838/document/xlsx,A1.10,I6,16.663555,https://www.education.gov.au/download/18777/2024-staff-appendix-1-actual-staff-fte/39838/document/xlsx,Derived as actual_casual_fte_2023 / total_actual_fte_2023 * 100,A1.17!K7;A1.10!I6,313.46,https://www.education.gov.au/download/18777/2024-staff-appendix-1-actual-staff-fte/39838/document/xlsx,A1.15,E6,8.867879,https://www.education.gov.au/download/18777/2024-staff-appendix-1-actual-staff-fte/39838/document/xlsx,Derived as casual_teaching_only_fte_2023 / total_actual_fte_2023 * 100,A1.15!E6;A1.10!I6,76.1,https://www.compared.edu.au/institution/macquarie-university/undergraduate,ComparED institution page,Overall undergraduate results – Had a positive overall experience,ComparED displays SES results pooled across the two most recent collection years.,URL verified via web search result,930454.0,https://www.education.gov.au/download/18872/finance-2023-financial-reports-higher-education-providers/40111/2023-higher-education-providers-finance-tables/xlsx,Financial Performance,C5,Values are from the Financial Performance sheet and are in $'000.,-88436.0,https://www.education.gov.au/download/18872/finance-2023-financial-reports-higher-education-providers/40111/2023-higher-education-providers-finance-tables/xlsx,Financial Performance,C80,Values are from the Financial Performance sheet and are in $'000.,-9.504607,https://www.education.gov.au/download/18872/finance-2023-financial-reports-higher-education-providers/40111/2023-higher-education-providers-finance-tables/xlsx,Financial Performance,C5;C80,Derived as net_operating_result_2023_k_aud / total_revenue_2023_k_aud * 100,Net margin used here as a profitability metric; derived from the Department's finance tables.
Monash University,Victoria,1526.96,https://www.education.gov.au/download/18777/2024-staff-appendix-1-actual-staff-fte/39838/document/xlsx,A1.17,K19,9400.39,https://www.education.gov.au/download/18777/2024-staff-appendix-1-actual-staff-fte/39838/document/xlsx,A1.10,I18,16.243581,https://www.education.gov.au/download/18777/2024-staff-appendix-1-actual-staff-fte/39838/document/xlsx,Derived as actual_casual_fte_2023 / total_actual_fte_2023 * 100,A1.17!K19;A1.10!I18,688.52,https://www.education.gov.au/download/18777/2024-staff-appendix-1-actual-staff-fte/39838/document/xlsx,A1.15,E18,7.324377,https://www.education.gov.au/download/18777/2024-staff-appendix-1-actual-staff-fte/39838/document/xlsx,Derived as casual_teaching_only_fte_2023 / total_actual_fte_2023 * 100,A1.15!E18;A1.10!I18,73.8,https://www.compared.edu.au/institution/monash-university/undergraduate,ComparED institution page,Overall undergraduate results – Had a positive overall experience,ComparED displays SES results pooled across the two most recent collection years.,URL constructed from standard ComparED institution-page pattern,3012720.0,https://www.education.gov.au/download/18872/finance-2023-financial-reports-higher-education-providers/40111/2023-higher-education-providers-finance-tables/xlsx,Financial Performance,P5,Values are from the Financial Performance sheet and are in $'000.,-9031.0,https://www.education.gov.au/download/18872/finance-2023-financial-reports-higher-education-providers/40111/2023-higher-education-providers-finance-tables/xlsx,Financial Performance,P80,Values are from the Financial Performance sheet and are in $'000.,-0.299762,https://www.education.gov.au/download/18872/finance-2023-financial-reports-higher-education-providers/40111/2023-higher-education-providers-finance-tables/xlsx,Financial Performance,P5;P80,Derived as net_operating_result_2023_k_aud / total_revenue_2023_k_aud * 100,Net margin used here as a profitability metric; derived from the Department's finance tables.
Murdoch University,Western Australia,254.55,https://www.education.gov.au/download/18777/2024-staff-appendix-1-actual-staff-fte/39838/document/xlsx,A1.17,K35,1657.12,https://www.education.gov.au/download/18777/2024-staff-appendix-1-actual-staff-fte/39838/document/xlsx,A1.10,I34,15.360988,https://www.education.gov.au/download/18777/2024-staff-appendix-1-actual-staff-fte/39838/document/xlsx,Derived as actual_casual_fte_2023 / total_actual_fte_2023 * 100,A1.17!K35;A1.10!I34,138.04,https://www.education.gov.au/download/18777/2024-staff-appendix-1-actual-staff-fte/39838/document/xlsx,A1.15,E34,8.330115,https://www.education.gov.au/download/18777/2024-staff-appendix-1-actual-staff-fte/39838/document/xlsx,Derived as casual_teaching_only_fte_2023 / total_actual_fte_2023 * 100,A1.15!E34;A1.10!I34,77.2,https://www.compared.edu.au/institution/murdoch-university/undergraduate,ComparED institution page,Overall undergraduate results – Had a positive overall experience,ComparED displays SES results pooled across the two most recent collection years.,URL constructed from standard ComparED institution-page pattern,460662.0,https://www.education.gov.au/download/18872/finance-2023-financial-reports-higher-education-providers/40111/2023-higher-education-providers-finance-tables/xlsx,Financial Performance,AC5,Values are from the Financial Performance sheet and are in $'000.,9060.0,https://www.education.gov.au/download/18872/finance-2023-financial-reports-higher-education-providers/40111/2023-higher-education-providers-finance-tables/xlsx,Financial Performance,AC80,Values are from the Financial Performance sheet and are in $'000.,1.966735,https://www.education.gov.au/download/18872/finance-2023-financial-reports-higher-education-providers/40111/2023-higher-education-providers-finance-tables/xlsx,Financial Performance,AC5;AC80,Derived as net_operating_result_2023_k_aud / total_revenue_2023_k_aud * 100,Net margin used here as a profitability metric; derived from the Department's finance tables.
Queensland University of Technology,Queensland,893.46,https://www.education.gov.au/download/18777/2024-staff-appendix-1-actual-staff-fte/39838/document/xlsx,A1.17,K29,4584.87,https://www.education.gov.au/download/18777/2024-staff-appendix-1-actual-staff-fte/39838/document/xlsx,A1.10,I28,19.487139,https://www.education.gov.au/download/18777/2024-staff-appendix-1-actual-staff-fte/39838/document/xlsx,Derived as actual_casual_fte_2023 / total_actual_fte_2023 * 100,A1.17!K29;A1.10!I28,582.73,https://www.education.gov.au/download/18777/2024-staff-appendix-1-actual-staff-fte/39838/document/xlsx,A1.15,E28,12.709848,https://www.education.gov.au/download/18777/2024-staff-appendix-1-actual-staff-fte/39838/document/xlsx,Derived as casual_teaching_only_fte_2023 / total_actual_fte_2023 * 100,A1.15!E28;A1.10!I28,75.9,https://www.compared.edu.au/institution/queensland-university-of-technology/undergraduate,ComparED institution page,Overall undergraduate results – Had a positive overall experience,ComparED displays SES results pooled across the two most recent collection years.,URL constructed from standard ComparED institution-page pattern,1188335.0,https://www.education.gov.au/download/18872/finance-2023-financial-reports-higher-education-providers/40111/2023-higher-education-providers-finance-tables/xlsx,Financial Performance,W5,Values are from the Financial Performance sheet and are in $'000.,-20683.0,https://www.education.gov.au/download/18872/finance-2023-financial-reports-higher-education-providers/40111/2023-higher-education-providers-finance-tables/xlsx,Financial Performance,W80,Values are from the Financial Performance sheet and are in $'000.,-1.740502,https://www.education.gov.au/download/18872/finance-2023-financial-reports-higher-education-providers/40111/2023-higher-education-providers-finance-tables/xlsx,Financial Performance,W5;W80,Derived as net_operating_result_2023_k_aud / total_revenue_2023_k_aud * 100,Net margin used here as a profitability metric; derived from the Department's finance tables.
RMIT University,Victoria,505.98,https://www.education.gov.au/download/18777/2024-staff-appendix-1-actual-staff-fte/39838/document/xlsx,A1.17,K20,4235.32,https://www.education.gov.au/download/18777/2024-staff-appendix-1-actual-staff-fte/39838/document/xlsx,A1.10,I19,11.946677,https://www.education.gov.au/download/18777/2024-staff-appendix-1-actual-staff-fte/39838/document/xlsx,Derived as actual_casual_fte_2023 / total_actual_fte_2023 * 100,A1.17!K20;A1.10!I19,0.0,https://www.education.gov.au/download/18777/2024-staff-appendix-1-actual-staff-fte/39838/document/xlsx,A1.15,E19,0.0,https://www.education.gov.au/download/18777/2024-staff-appendix-1-actual-staff-fte/39838/document/xlsx,Derived as casual_teaching_only_fte_2023 / total_actual_fte_2023 * 100,A1.15!E19;A1.10!I19,73.4,https://www.compared.edu.au/institution/rmit-university/undergraduate,ComparED institution page,Overall undergraduate results – Had a positive overall experience,ComparED displays SES results pooled across the two most recent collection years.,URL constructed from standard ComparED institution-page pattern,1361473.0,https://www.education.gov.au/download/18872/finance-2023-financial-reports-higher-education-providers/40111/2023-higher-education-providers-finance-tables/xlsx,Financial Performance,Q5,Values are from the Financial Performance sheet and are in $'000.,-59891.0,https://www.education.gov.au/download/18872/finance-2023-financial-reports-higher-education-providers/40111/2023-higher-education-providers-finance-tables/xlsx,Financial Performance,Q80,Values are from the Financial Performance sheet and are in $'000.,-4.398986,https://www.education.gov.au/download/18872/finance-2023-financial-reports-higher-education-providers/40111/2023-higher-education-providers-finance-tables/xlsx,Financial Performance,Q5;Q80,Derived as net_operating_result_2023_k_aud / total_revenue_2023_k_aud * 100,Net margin used here as a profitability metric; derived from the Department's finance tables.
Southern Cross University,New South Wales,240.89,https://www.education.gov.au/download/18777/2024-staff-appendix-1-actual-staff-fte/39838/document/xlsx,A1.17,K8,1138.25,https://www.education.gov.au/download/18777/2024-staff-appendix-1-actual-staff-fte/39838/document/xlsx,A1.10,I7,21.163189,https://www.education.gov.au/download/18777/2024-staff-appendix-1-actual-staff-fte/39838/document/xlsx,Derived as actual_casual_fte_2023 / total_actual_fte_2023 * 100,A1.17!K8;A1.10!I7,152.9,https://www.education.gov.au/download/18777/2024-staff-appendix-1-actual-staff-fte/39838/document/xlsx,A1.15,E7,13.432901,https://www.education.gov.au/download/18777/2024-staff-appendix-1-actual-staff-fte/39838/document/xlsx,Derived as casual_teaching_only_fte_2023 / total_actual_fte_2023 * 100,A1.15!E7;A1.10!I7,70.8,https://www.compared.edu.au/institution/southern-cross-university/undergraduate,ComparED institution page,Overall undergraduate results – Had a positive overall experience,ComparED displays SES results pooled across the two most recent collection years.,URL constructed from standard ComparED institution-page pattern,313193.0,https://www.education.gov.au/download/18872/finance-2023-financial-reports-higher-education-providers/40111/2023-higher-education-providers-finance-tables/xlsx,Financial Performance,E5,Values are from the Financial Performance sheet and are in $'000.,-4493.0,https://www.education.gov.au/download/18872/finance-2023-financial-reports-higher-education-providers/40111/2023-higher-education-providers-finance-tables/xlsx,Financial Performance,E80,Values are from the Financial Performance sheet and are in $'000.,-1.434579,https://www.education.gov.au/download/18872/finance-2023-financial-reports-higher-education-providers/40111/2023-higher-education-providers-finance-tables/xlsx,Financial Performance,E5;E80,Derived as net_operating_result_2023_k_aud / total_revenue_2023_k_aud * 100,Net margin used here as a profitability metric; derived from the Department's finance tables.
Swinburne University of Technology,Victoria,657.46,https://www.education.gov.au/download/18777/2024-staff-appendix-1-actual-staff-fte/39838/document/xlsx,A1.17,K21,2430.21,https://www.education.gov.au/download/18777/2024-staff-appendix-1-actual-staff-fte/39838/document/xlsx,A1.10,I20,27.053629,https://www.education.gov.au/download/18777/2024-staff-appendix-1-actual-staff-fte/39838/document/xlsx,Derived as actual_casual_fte_2023 / total_actual_fte_2023 * 100,A1.17!K21;A1.10!I20,496.59,https://www.education.gov.au/download/18777/2024-staff-appendix-1-actual-staff-fte/39838/document/xlsx,A1.15,E20,20.434037,https://www.education.gov.au/download/18777/2024-staff-appendix-1-actual-staff-fte/39838/document/xlsx,Derived as casual_teaching_only_fte_2023 / total_actual_fte_2023 * 100,A1.15!E20;A1.10!I20,77.4,https://www.compared.edu.au/institution/swinburne-university-of-technology/undergraduate,ComparED institution page,Overall undergraduate results – Had a positive overall experience,ComparED displays SES results pooled across the two most recent collection years.,URL constructed from standard ComparED institution-page pattern,836149.0,https://www.education.gov.au/download/18872/finance-2023-financial-reports-higher-education-providers/40111/2023-higher-education-providers-finance-tables/xlsx,Financial Performance,R5,Values are from the Financial Performance sheet and are in $'000.,22536.0,https://www.education.gov.au/download/18872/finance-2023-financial-reports-higher-education-providers/40111/2023-higher-education-providers-finance-tables/xlsx,Financial Performance,R80,Values are from the Financial Performance sheet and are in $'000.,2.695213,https://www.education.gov.au/download/18872/finance-2023-financial-reports-higher-education-providers/40111/2023-higher-education-providers-finance-tables/xlsx,Financial Performance,R5;R80,Derived as net_operating_result_2023_k_aud / total_revenue_2023_k_aud * 100,Net margin used here as a profitability metric; derived from the Department's finance tables.
The Australian National University,Australian Capital Territory,452.53,https://www.education.gov.au/download/18777/2024-staff-appendix-1-actual-staff-fte/39838/document/xlsx,A1.17,K45,5029.83,https://www.education.gov.au/download/18777/2024-staff-appendix-1-actual-staff-fte/39838/document/xlsx,A1.10,I44,8.996924,https://www.education.gov.au/download/18777/2024-staff-appendix-1-actual-staff-fte/39838/document/xlsx,Derived as actual_casual_fte_2023 / total_actual_fte_2023 * 100,A1.17!K45;A1.10!I44,211.53,https://www.education.gov.au/download/18777/2024-staff-appendix-1-actual-staff-fte/39838/document/xlsx,A1.15,E44,4.20551,https://www.education.gov.au/download/18777/2024-staff-appendix-1-actual-staff-fte/39838/document/xlsx,Derived as casual_teaching_only_fte_2023 / total_actual_fte_2023 * 100,A1.15!E44;A1.10!I44,78.7,https://www.compared.edu.au/institution/the-australian-national-university/undergraduate,ComparED institution page,Overall undergraduate results – Had a positive overall experience,ComparED displays SES results pooled across the two most recent collection years.,URL verified via web search result,1595377.0,https://www.education.gov.au/download/18872/finance-2023-financial-reports-higher-education-providers/40111/2023-higher-education-providers-finance-tables/xlsx,Financial Performance,AL5,Values are from the Financial Performance sheet and are in $'000.,146595.0,https://www.education.gov.au/download/18872/finance-2023-financial-reports-higher-education-providers/40111/2023-higher-education-providers-finance-tables/xlsx,Financial Performance,AL80,Values are from the Financial Performance sheet and are in $'000.,9.188737,https://www.education.gov.au/download/18872/finance-2023-financial-reports-higher-education-providers/40111/2023-higher-education-providers-finance-tables/xlsx,Financial Performance,AL5;AL80,Derived as net_operating_result_2023_k_aud / total_revenue_2023_k_aud * 100,Net margin used here as a profitability metric; derived from the Department's finance tables.
The University of Adelaide,South Australia,541.61,https://www.education.gov.au/download/18777/2024-staff-appendix-1-actual-staff-fte/39838/document/xlsx,A1.17,K39,3863.89,https://www.education.gov.au/download/18777/2024-staff-appendix-1-actual-staff-fte/39838/document/xlsx,A1.10,I38,14.017221,https://www.education.gov.au/download/18777/2024-staff-appendix-1-actual-staff-fte/39838/document/xlsx,Derived as actual_casual_fte_2023 / total_actual_fte_2023 * 100,A1.17!K39;A1.10!I38,295.41,https://www.education.gov.au/download/18777/2024-staff-appendix-1-actual-staff-fte/39838/document/xlsx,A1.15,E38,7.645404,https://www.education.gov.au/download/18777/2024-staff-appendix-1-actual-staff-fte/39838/document/xlsx,Derived as casual_teaching_only_fte_2023 / total_actual_fte_2023 * 100,A1.15!E38;A1.10!I38,77.0,https://www.compared.edu.au/institution/the-university-of-adelaide/undergraduate,ComparED institution page,Overall undergraduate results – Had a positive overall experience,ComparED displays SES results pooled across the two most recent collection years.,URL verified via web search result,1121417.0,https://www.education.gov.au/download/18872/finance-2023-financial-reports-higher-education-providers/40111/2023-higher-education-providers-finance-tables/xlsx,Financial Performance,AF5,Values are from the Financial Performance sheet and are in $'000.,39069.0,https://www.education.gov.au/download/18872/finance-2023-financial-reports-higher-education-providers/40111/2023-higher-education-providers-finance-tables/xlsx,Financial Performance,AF80,Values are from the Financial Performance sheet and are in $'000.,3.483896,https://www.education.gov.au/download/18872/finance-2023-financial-reports-higher-education-providers/40111/2023-higher-education-providers-finance-tables/xlsx,Financial Performance,AF5;AF80,Derived as net_operating_result_2023_k_aud / total_revenue_2023_k_aud * 100,Net margin used here as a profitability metric; derived from the Department's finance tables.
The University of Melbourne,Victoria,855.55,https://www.education.gov.au/download/18777/2024-staff-appendix-1-actual-staff-fte/39838/document/xlsx,A1.17,K22,9873.43,https://www.education.gov.au/download/18777/2024-staff-appendix-1-actual-staff-fte/39838/document/xlsx,A1.10,I21,8.665175,https://www.education.gov.au/download/18777/2024-staff-appendix-1-actual-staff-fte/39838/document/xlsx,Derived as actual_casual_fte_2023 / total_actual_fte_2023 * 100,A1.17!K22;A1.10!I21,437.11,https://www.education.gov.au/download/18777/2024-staff-appendix-1-actual-staff-fte/39838/document/xlsx,A1.15,E21,4.427134,https://www.education.gov.au/download/18777/2024-staff-appendix-1-actual-staff-fte/39838/document/xlsx,Derived as casual_teaching_only_fte_2023 / total_actual_fte_2023 * 100,A1.15!E21;A1.10!I21,71.1,https://www.compared.edu.au/institution/the-university-of-melbourne/undergraduate,ComparED institution page,Overall undergraduate results – Had a positive overall experience,ComparED displays SES results pooled across the two most recent collection years.,URL verified via web search result,3249623.0,https://www.education.gov.au/download/18872/finance-2023-financial-reports-higher-education-providers/40111/2023-higher-education-providers-finance-tables/xlsx,Financial Performance,O5,Values are from the Financial Performance sheet and are in $'000.,156300.0,https://www.education.gov.au/download/18872/finance-2023-financial-reports-higher-education-providers/40111/2023-higher-education-providers-finance-tables/xlsx,Financial Performance,O80,Values are from the Financial Performance sheet and are in $'000.,4.809789,https://www.education.gov.au/download/18872/finance-2023-financial-reports-higher-education-providers/40111/2023-higher-education-providers-finance-tables/xlsx,Financial Performance,O5;O80,Derived as net_operating_result_2023_k_aud / total_revenue_2023_k_aud * 100,Net margin used here as a profitability metric; derived from the Department's finance tables.
The University of New England,New South Wales,298.96,https://www.education.gov.au/download/18777/2024-staff-appendix-1-actual-staff-fte/39838/document/xlsx,A1.17,K9,1510.77,https://www.education.gov.au/download/18777/2024-staff-appendix-1-actual-staff-fte/39838/document/xlsx,A1.10,I8,19.788585,https://www.education.gov.au/download/18777/2024-staff-appendix-1-actual-staff-fte/39838/document/xlsx,Derived as actual_casual_fte_2023 / total_actual_fte_2023 * 100,A1.17!K9;A1.10!I8,0.12,https://www.education.gov.au/download/18777/2024-staff-appendix-1-actual-staff-fte/39838/document/xlsx,A1.15,E8,0.007943,https://www.education.gov.au/download/18777/2024-staff-appendix-1-actual-staff-fte/39838/document/xlsx,Derived as casual_teaching_only_fte_2023 / total_actual_fte_2023 * 100,A1.15!E8;A1.10!I8,80.2,https://www.compared.edu.au/institution/university-of-new-england/undergraduate,ComparED institution page,Overall undergraduate results – Had a positive overall experience,ComparED displays SES results pooled across the two most recent collection years.,URL verified via web search result,367333.0,https://www.education.gov.au/download/18872/finance-2023-financial-reports-higher-education-providers/40111/2023-higher-education-providers-finance-tables/xlsx,Financial Performance,F5,Values are from the Financial Performance sheet and are in $'000.,-58957.0,https://www.education.gov.au/download/18872/finance-2023-financial-reports-higher-education-providers/40111/2023-higher-education-providers-finance-tables/xlsx,Financial Performance,F80,Values are from the Financial Performance sheet and are in $'000.,-16.050015,https://www.education.gov.au/download/18872/finance-2023-financial-reports-higher-education-providers/40111/2023-higher-education-providers-finance-tables/xlsx,Financial Performance,F5;F80,Derived as net_operating_result_2023_k_aud / total_revenue_2023_k_aud * 100,Net margin used here as a profitability metric; derived from the Department's finance tables.
The University of Newcastle,New South Wales,406.77,https://www.education.gov.au/download/18777/2024-staff-appendix-1-actual-staff-fte/39838/document/xlsx,A1.17,K10,3140.01,https://www.education.gov.au/download/18777/2024-staff-appendix-1-actual-staff-fte/39838/document/xlsx,A1.10,I9,12.954417,https://www.education.gov.au/download/18777/2024-staff-appendix-1-actual-staff-fte/39838/document/xlsx,Derived as actual_casual_fte_2023 / total_actual_fte_2023 * 100,A1.17!K10;A1.10!I9,217.94,https://www.education.gov.au/download/18777/2024-staff-appendix-1-actual-staff-fte/39838/document/xlsx,A1.15,E9,6.940742,https://www.education.gov.au/download/18777/2024-staff-appendix-1-actual-staff-fte/39838/document/xlsx,Derived as casual_teaching_only_fte_2023 / total_actual_fte_2023 * 100,A1.15!E9;A1.10!I9,78.2,https://www.compared.edu.au/institution/university-of-newcastle/undergraduate,ComparED institution page,Overall undergraduate results – Had a positive overall experience,ComparED displays SES results pooled across the two most recent collection years.,URL verified via web search result,840828.0,https://www.education.gov.au/download/18872/finance-2023-financial-reports-higher-education-providers/40111/2023-higher-education-providers-finance-tables/xlsx,Financial Performance,D5,Values are from the Financial Performance sheet and are in $'000.,-4314.0,https://www.education.gov.au/download/18872/finance-2023-financial-reports-higher-education-providers/40111/2023-higher-education-providers-finance-tables/xlsx,Financial Performance,D80,Values are from the Financial Performance sheet and are in $'000.,-0.513066,https://www.education.gov.au/download/18872/finance-2023-financial-reports-higher-education-providers/40111/2023-higher-education-providers-finance-tables/xlsx,Financial Performance,D5;D80,Derived as net_operating_result_2023_k_aud / total_revenue_2023_k_aud * 100,Net margin used here as a profitability metric; derived from the Department's finance tables.
The University of Notre Dame Australia,Western Australia,231.94,https://www.education.gov.au/download/18777/2024-staff-appendix-1-actual-staff-fte/39838/document/xlsx,A1.17,K36,1022.01,https://www.education.gov.au/download/18777/2024-staff-appendix-1-actual-staff-fte/39838/document/xlsx,A1.10,I35,22.694494,https://www.education.gov.au/download/18777/2024-staff-appendix-1-actual-staff-fte/39838/document/xlsx,Derived as actual_casual_fte_2023 / total_actual_fte_2023 * 100,A1.17!K36;A1.10!I35,155.08,https://www.education.gov.au/download/18777/2024-staff-appendix-1-actual-staff-fte/39838/document/xlsx,A1.15,E35,15.17402,https://www.education.gov.au/download/18777/2024-staff-appendix-1-actual-staff-fte/39838/document/xlsx,Derived as casual_teaching_only_fte_2023 / total_actual_fte_2023 * 100,A1.15!E35;A1.10!I35,75.4,https://www.compared.edu.au/institution/the-university-of-notre-dame-australia/undergraduate,ComparED institution page,Overall undergraduate results – Had a positive overall experience,ComparED displays SES results pooled across the two most recent collection years.,URL verified via web search result,231226.0,https://www.education.gov.au/download/18872/finance-2023-financial-reports-higher-education-providers/40111/2023-higher-education-providers-finance-tables/xlsx,Financial Performance,AD5,Values are from the Financial Performance sheet and are in $'000.,1160.0,https://www.education.gov.au/download/18872/finance-2023-financial-reports-higher-education-providers/40111/2023-higher-education-providers-finance-tables/xlsx,Financial Performance,AD80,Values are from the Financial Performance sheet and are in $'000.,0.501674,https://www.education.gov.au/download/18872/finance-2023-financial-reports-higher-education-providers/40111/2023-higher-education-providers-finance-tables/xlsx,Financial Performance,AD5;AD80,Derived as net_operating_result_2023_k_aud / total_revenue_2023_k_aud * 100,Net margin used here as a profitability metric; derived from the Department's finance tables.
The University of Queensland,Queensland,962.36,https://www.education.gov.au/download/18777/2024-staff-appendix-1-actual-staff-fte/39838/document/xlsx,A1.17,K30,8451.67,https://www.education.gov.au/download/18777/2024-staff-appendix-1-actual-staff-fte/39838/document/xlsx,A1.10,I29,11.386625,https://www.education.gov.au/download/18777/2024-staff-appendix-1-actual-staff-fte/39838/document/xlsx,Derived as actual_casual_fte_2023 / total_actual_fte_2023 * 100,A1.17!K30;A1.10!I29,496.82,https://www.education.gov.au/download/18777/2024-staff-appendix-1-actual-staff-fte/39838/document/xlsx,A1.15,E29,5.878365,https://www.education.gov.au/download/18777/2024-staff-appendix-1-actual-staff-fte/39838/document/xlsx,Derived as casual_teaching_only_fte_2023 / total_actual_fte_2023 * 100,A1.15!E29;A1.10!I29,78.0,https://www.compared.edu.au/institution/the-university-of-queensland,ComparED institution page,Overall undergraduate results – Had a positive overall experience,ComparED displays SES results pooled across the two most recent collection years.,URL verified via web search result,2467913.0,https://www.education.gov.au/download/18872/finance-2023-financial-reports-higher-education-providers/40111/2023-higher-education-providers-finance-tables/xlsx,Financial Performance,Y5,Values are from the Financial Performance sheet and are in $'000.,117674.0,https://www.education.gov.au/download/18872/finance-2023-financial-reports-higher-education-providers/40111/2023-higher-education-providers-finance-tables/xlsx,Financial Performance,Y80,Values are from the Financial Performance sheet and are in $'000.,4.768158,https://www.education.gov.au/download/18872/finance-2023-financial-reports-higher-education-providers/40111/2023-higher-education-providers-finance-tables/xlsx,Financial Performance,Y5;Y80,Derived as net_operating_result_2023_k_aud / total_revenue_2023_k_aud * 100,Net margin used here as a profitability metric; derived from the Department's finance tables.
The University of Sydney,New South Wales,1482.56,https://www.education.gov.au/download/18777/2024-staff-appendix-1-actual-staff-fte/39838/document/xlsx,A1.17,K11,9580.5,https://www.education.gov.au/download/18777/2024-staff-appendix-1-actual-staff-fte/39838/document/xlsx,A1.10,I10,15.474766,https://www.education.gov.au/download/18777/2024-staff-appendix-1-actual-staff-fte/39838/document/xlsx,Derived as actual_casual_fte_2023 / total_actual_fte_2023 * 100,A1.17!K11;A1.10!I10,488.19,https://www.education.gov.au/download/18777/2024-staff-appendix-1-actual-staff-fte/39838/document/xlsx,A1.15,E10,5.095663,https://www.education.gov.au/download/18777/2024-staff-appendix-1-actual-staff-fte/39838/document/xlsx,Derived as casual_teaching_only_fte_2023 / total_actual_fte_2023 * 100,A1.15!E10;A1.10!I10,71.3,https://www.compared.edu.au/institution/the-university-of-sydney/undergraduate,ComparED institution page,Overall undergraduate results – Had a positive overall experience,ComparED displays SES results pooled across the two most recent collection years.,URL verified via web search result,3418499.0,https://www.education.gov.au/download/18872/finance-2023-financial-reports-higher-education-providers/40111/2023-higher-education-providers-finance-tables/xlsx,Financial Performance,H5,Values are from the Financial Performance sheet and are in $'000.,351769.0,https://www.education.gov.au/download/18872/finance-2023-financial-reports-higher-education-providers/40111/2023-higher-education-providers-finance-tables/xlsx,Financial Performance,H80,Values are from the Financial Performance sheet and are in $'000.,10.29016,https://www.education.gov.au/download/18872/finance-2023-financial-reports-higher-education-providers/40111/2023-higher-education-providers-finance-tables/xlsx,Financial Performance,H5;H80,Derived as net_operating_result_2023_k_aud / total_revenue_2023_k_aud * 100,Net margin used here as a profitability metric; derived from the Department's finance tables.
The University of Western Australia,Western Australia,272.67,https://www.education.gov.au/download/18777/2024-staff-appendix-1-actual-staff-fte/39838/document/xlsx,A1.17,K37,3512.25,https://www.education.gov.au/download/18777/2024-staff-appendix-1-actual-staff-fte/39838/document/xlsx,A1.10,I36,7.7634,https://www.education.gov.au/download/18777/2024-staff-appendix-1-actual-staff-fte/39838/document/xlsx,Derived as actual_casual_fte_2023 / total_actual_fte_2023 * 100,A1.17!K37;A1.10!I36,99.34,https://www.education.gov.au/download/18777/2024-staff-appendix-1-actual-staff-fte/39838/document/xlsx,A1.15,E36,2.828386,https://www.education.gov.au/download/18777/2024-staff-appendix-1-actual-staff-fte/39838/document/xlsx,Derived as casual_teaching_only_fte_2023 / total_actual_fte_2023 * 100,A1.15!E36;A1.10!I36,75.5,https://www.compared.edu.au/institution/the-university-of-western-australia/undergraduate,ComparED institution page,Overall undergraduate results – Had a positive overall experience,ComparED displays SES results pooled across the two most recent collection years.,URL verified via web search result,1086522.0,https://www.education.gov.au/download/18872/finance-2023-financial-reports-higher-education-providers/40111/2023-higher-education-providers-finance-tables/xlsx,Financial Performance,AE5,Values are from the Financial Performance sheet and are in $'000.,88094.0,https://www.education.gov.au/download/18872/finance-2023-financial-reports-higher-education-providers/40111/2023-higher-education-providers-finance-tables/xlsx,Financial Performance,AE80,Values are from the Financial Performance sheet and are in $'000.,8.107889,https://www.education.gov.au/download/18872/finance-2023-financial-reports-higher-education-providers/40111/2023-higher-education-providers-finance-tables/xlsx,Financial Performance,AE5;AE80,Derived as net_operating_result_2023_k_aud / total_revenue_2023_k_aud * 100,Net margin used here as a profitability metric; derived from the Department's finance tables.
Torrens University Australia,South Australia,382.63,https://www.education.gov.au/download/18777/2024-staff-appendix-1-actual-staff-fte/39838/document/xlsx,A1.17,K40,686.15,https://www.education.gov.au/download/18777/2024-staff-appendix-1-actual-staff-fte/39838/document/xlsx,A1.10,I39,55.764774,https://www.education.gov.au/download/18777/2024-staff-appendix-1-actual-staff-fte/39838/document/xlsx,Derived as actual_casual_fte_2023 / total_actual_fte_2023 * 100,A1.17!K40;A1.10!I39,379.54,https://www.education.gov.au/download/18777/2024-staff-appendix-1-actual-staff-fte/39838/document/xlsx,A1.15,E39,55.314436,https://www.education.gov.au/download/18777/2024-staff-appendix-1-actual-staff-fte/39838/document/xlsx,Derived as casual_teaching_only_fte_2023 / total_actual_fte_2023 * 100,A1.15!E39;A1.10!I39,77.8,https://www.compared.edu.au/institution/torrens-university/undergraduate,ComparED institution page,Overall undergraduate results – Had a positive overall experience,ComparED displays SES results pooled across the two most recent collection years.,URL verified via web search result,319516.0,https://www.education.gov.au/download/18872/finance-2023-financial-reports-higher-education-providers/40111/2023-higher-education-providers-finance-tables/xlsx,Financial Performance,AR5,Values are from the Financial Performance sheet and are in $'000.,35600.0,https://www.education.gov.au/download/18872/finance-2023-financial-reports-higher-education-providers/40111/2023-higher-education-providers-finance-tables/xlsx,Financial Performance,AR80,Values are from the Financial Performance sheet and are in $'000.,11.141852,https://www.education.gov.au/download/18872/finance-2023-financial-reports-higher-education-providers/40111/2023-higher-education-providers-finance-tables/xlsx,Financial Performance,AR5;AR80,Derived as net_operating_result_2023_k_aud / total_revenue_2023_k_aud * 100,Net margin used here as a profitability metric; derived from the Department's finance tables.
University of Canberra,Australian Capital Territory,156.7,https://www.education.gov.au/download/18777/2024-staff-appendix-1-actual-staff-fte/39838/document/xlsx,A1.17,K46,1275.39,https://www.education.gov.au/download/18777/2024-staff-appendix-1-actual-staff-fte/39838/document/xlsx,A1.10,I45,12.286438,https://www.education.gov.au/download/18777/2024-staff-appendix-1-actual-staff-fte/39838/document/xlsx,Derived as actual_casual_fte_2023 / total_actual_fte_2023 * 100,A1.17!K46;A1.10!I45,69.45,https://www.education.gov.au/download/18777/2024-staff-appendix-1-actual-staff-fte/39838/document/xlsx,A1.15,E45,5.445393,https://www.education.gov.au/download/18777/2024-staff-appendix-1-actual-staff-fte/39838/document/xlsx,Derived as casual_teaching_only_fte_2023 / total_actual_fte_2023 * 100,A1.15!E45;A1.10!I45,73.8,https://www.compared.edu.au/institution/university-of-canberra/undergraduate,ComparED institution page,Overall undergraduate results – Had a positive overall experience,ComparED displays SES results pooled across the two most recent collection years.,URL verified via web search result,381575.0,https://www.education.gov.au/download/18872/finance-2023-financial-reports-higher-education-providers/40111/2023-higher-education-providers-finance-tables/xlsx,Financial Performance,AM5,Values are from the Financial Performance sheet and are in $'000.,-11127.0,https://www.education.gov.au/download/18872/finance-2023-financial-reports-higher-education-providers/40111/2023-higher-education-providers-finance-tables/xlsx,Financial Performance,AM80,Values are from the Financial Performance sheet and are in $'000.,-2.916072,https://www.education.gov.au/download/18872/finance-2023-financial-reports-higher-education-providers/40111/2023-higher-education-providers-finance-tables/xlsx,Financial Performance,AM5;AM80,Derived as net_operating_result_2023_k_aud / total_revenue_2023_k_aud * 100,Net margin used here as a profitability metric; derived from the Department's finance tables.
University of Divinity,Victoria,7.51,https://www.education.gov.au/download/18777/2024-staff-appendix-1-actual-staff-fte/39838/document/xlsx,A1.17,K23,180.0,https://www.education.gov.au/download/18777/2024-staff-appendix-1-actual-staff-fte/39838/document/xlsx,A1.10,I22,4.172222,https://www.education.gov.au/download/18777/2024-staff-appendix-1-actual-staff-fte/39838/document/xlsx,Derived as actual_casual_fte_2023 / total_actual_fte_2023 * 100,A1.17!K23;A1.10!I22,3.11,https://www.education.gov.au/download/18777/2024-staff-appendix-1-actual-staff-fte/39838/document/xlsx,A1.15,E22,1.727778,https://www.education.gov.au/download/18777/2024-staff-appendix-1-actual-staff-fte/39838/document/xlsx,Derived as casual_teaching_only_fte_2023 / total_actual_fte_2023 * 100,A1.15!E22;A1.10!I22,90.7,https://www.compared.edu.au/institution/university-of-divinity/undergraduate,ComparED institution page,Overall undergraduate results – Had a positive overall experience,ComparED displays SES results pooled across the two most recent collection years.,URL verified via web search result,13259.0,https://www.education.gov.au/download/18872/finance-2023-financial-reports-higher-education-providers/40111/2023-higher-education-providers-finance-tables/xlsx,Financial Performance,AQ5,Values are from the Financial Performance sheet and are in $'000.,-1037.0,https://www.education.gov.au/download/18872/finance-2023-financial-reports-higher-education-providers/40111/2023-higher-education-providers-finance-tables/xlsx,Financial Performance,AQ80,Values are from the Financial Performance sheet and are in $'000.,-7.821103,https://www.education.gov.au/download/18872/finance-2023-financial-reports-higher-education-providers/40111/2023-higher-education-providers-finance-tables/xlsx,Financial Performance,AQ5;AQ80,Derived as net_operating_result_2023_k_aud / total_revenue_2023_k_aud * 100,Net margin used here as a profitability metric; derived from the Department's finance tables.
University of New South Wales,New South Wales,1086.28,https://www.education.gov.au/download/18777/2024-staff-appendix-1-actual-staff-fte/39838/document/xlsx,A1.17,K12,8022.63,https://www.education.gov.au/download/18777/2024-staff-appendix-1-actual-staff-fte/39838/document/xlsx,A1.10,I11,13.540198,https://www.education.gov.au/download/18777/2024-staff-appendix-1-actual-staff-fte/39838/document/xlsx,Derived as actual_casual_fte_2023 / total_actual_fte_2023 * 100,A1.17!K12;A1.10!I11,619.6,https://www.education.gov.au/download/18777/2024-staff-appendix-1-actual-staff-fte/39838/document/xlsx,A1.15,E11,7.723153,https://www.education.gov.au/download/18777/2024-staff-appendix-1-actual-staff-fte/39838/document/xlsx,Derived as casual_teaching_only_fte_2023 / total_actual_fte_2023 * 100,A1.15!E11;A1.10!I11,72.2,https://www.compared.edu.au/institution/university-of-new-south-wales/undergraduate,ComparED institution page,Overall undergraduate results – Had a positive overall experience,ComparED displays SES results pooled across the two most recent collection years.,URL verified via web search result,2620028.0,https://www.education.gov.au/download/18872/finance-2023-financial-reports-higher-education-providers/40111/2023-higher-education-providers-finance-tables/xlsx,Financial Performance,G5,Values are from the Financial Performance sheet and are in $'000.,-84871.0,https://www.education.gov.au/download/18872/finance-2023-financial-reports-higher-education-providers/40111/2023-higher-education-providers-finance-tables/xlsx,Financial Performance,G80,Values are from the Financial Performance sheet and are in $'000.,-3.239317,https://www.education.gov.au/download/18872/finance-2023-financial-reports-higher-education-providers/40111/2023-higher-education-providers-finance-tables/xlsx,Financial Performance,G5;G80,Derived as net_operating_result_2023_k_aud / total_revenue_2023_k_aud * 100,Net margin used here as a profitability metric; derived from the Department's finance tables.
University of South Australia,South Australia,0.0,https://www.education.gov.au/download/18777/2024-staff-appendix-1-actual-staff-fte/39838/document/xlsx,A1.17,K41,2723.04,https://www.education.gov.au/download/18777/2024-staff-appendix-1-actual-staff-fte/39838/document/xlsx,A1.10,I40,0.0,https://www.education.gov.au/download/18777/2024-staff-appendix-1-actual-staff-fte/39838/document/xlsx,Derived as actual_casual_fte_2023 / total_actual_fte_2023 * 100,A1.17!K41;A1.10!I40,0.0,https://www.education.gov.au/download/18777/2024-staff-appendix-1-actual-staff-fte/39838/document/xlsx,A1.15,E40,0.0,https://www.education.gov.au/download/18777/2024-staff-appendix-1-actual-staff-fte/39838/document/xlsx,Derived as casual_teaching_only_fte_2023 / total_actual_fte_2023 * 100,A1.15!E40;A1.10!I40,77.7,https://www.compared.edu.au/institution/university-of-south-australia/undergraduate,ComparED institution page,Overall undergraduate results – Had a positive overall experience,ComparED displays SES results pooled across the two most recent collection years.,URL constructed from standard ComparED institution-page pattern,713791.0,https://www.education.gov.au/download/18872/finance-2023-financial-reports-higher-education-providers/40111/2023-higher-education-providers-finance-tables/xlsx,Financial Performance,AH5,Values are from the Financial Performance sheet and are in $'000.,-16916.0,https://www.education.gov.au/download/18872/finance-2023-financial-reports-higher-education-providers/40111/2023-higher-education-providers-finance-tables/xlsx,Financial Performance,AH80,Values are from the Financial Performance sheet and are in $'000.,-2.369881,https://www.education.gov.au/download/18872/finance-2023-financial-reports-higher-education-providers/40111/2023-higher-education-providers-finance-tables/xlsx,Financial Performance,AH5;AH80,Derived as net_operating_result_2023_k_aud / total_revenue_2023_k_aud * 100,Net margin used here as a profitability metric; derived from the Department's finance tables.
University of Southern Queensland,Queensland,303.8,https://www.education.gov.au/download/18777/2024-staff-appendix-1-actual-staff-fte/39838/document/xlsx,A1.17,K31,1778.54,https://www.education.gov.au/download/18777/2024-staff-appendix-1-actual-staff-fte/39838/document/xlsx,A1.10,I30,17.081426,https://www.education.gov.au/download/18777/2024-staff-appendix-1-actual-staff-fte/39838/document/xlsx,Derived as actual_casual_fte_2023 / total_actual_fte_2023 * 100,A1.17!K31;A1.10!I30,236.72,https://www.education.gov.au/download/18777/2024-staff-appendix-1-actual-staff-fte/39838/document/xlsx,A1.15,E30,13.309793,https://www.education.gov.au/download/18777/2024-staff-appendix-1-actual-staff-fte/39838/document/xlsx,Derived as casual_teaching_only_fte_2023 / total_actual_fte_2023 * 100,A1.15!E30;A1.10!I30,75.3,https://www.compared.edu.au/institution/university-of-southern-queensland/undergraduate,ComparED institution page,Overall undergraduate results – Had a positive overall experience,ComparED displays SES results pooled across the two most recent collection years.,URL constructed from standard ComparED institution-page pattern,357837.0,https://www.education.gov.au/download/18872/finance-2023-financial-reports-higher-education-providers/40111/2023-higher-education-providers-finance-tables/xlsx,Financial Performance,Z5,Values are from the Financial Performance sheet and are in $'000.,-25009.0,https://www.education.gov.au/download/18872/finance-2023-financial-reports-higher-education-providers/40111/2023-higher-education-providers-finance-tables/xlsx,Financial Performance,Z80,Values are from the Financial Performance sheet and are in $'000.,-6.988936,https://www.education.gov.au/download/18872/finance-2023-financial-reports-higher-education-providers/40111/2023-higher-education-providers-finance-tables/xlsx,Financial Performance,Z5;Z80,Derived as net_operating_result_2023_k_aud / total_revenue_2023_k_aud * 100,Net margin used here as a profitability metric; derived from the Department's finance tables.
University of Tasmania,Tasmania,254.35,https://www.education.gov.au/download/18777/2024-staff-appendix-1-actual-staff-fte/39838/document/xlsx,A1.17,K42,3026.42,https://www.education.gov.au/download/18777/2024-staff-appendix-1-actual-staff-fte/39838/document/xlsx,A1.10,I41,8.404319,https://www.education.gov.au/download/18777/2024-staff-appendix-1-actual-staff-fte/39838/document/xlsx,Derived as actual_casual_fte_2023 / total_actual_fte_2023 * 100,A1.17!K42;A1.10!I41,11.93,https://www.education.gov.au/download/18777/2024-staff-appendix-1-actual-staff-fte/39838/document/xlsx,A1.15,E41,0.394195,https://www.education.gov.au/download/18777/2024-staff-appendix-1-actual-staff-fte/39838/document/xlsx,Derived as casual_teaching_only_fte_2023 / total_actual_fte_2023 * 100,A1.15!E41;A1.10!I41,76.7,https://www.compared.edu.au/institution/university-of-tasmania/undergraduate,ComparED institution page,Overall undergraduate results – Had a positive overall experience,ComparED displays SES results pooled across the two most recent collection years.,URL constructed from standard ComparED institution-page pattern,748724.0,https://www.education.gov.au/download/18872/finance-2023-financial-reports-higher-education-providers/40111/2023-higher-education-providers-finance-tables/xlsx,Financial Performance,AI5,Values are from the Financial Performance sheet and are in $'000.,-6689.0,https://www.education.gov.au/download/18872/finance-2023-financial-reports-higher-education-providers/40111/2023-higher-education-providers-finance-tables/xlsx,Financial Performance,AI80,Values are from the Financial Performance sheet and are in $'000.,-0.893387,https://www.education.gov.au/download/18872/finance-2023-financial-reports-higher-education-providers/40111/2023-higher-education-providers-finance-tables/xlsx,Financial Performance,AI5;AI80,Derived as net_operating_result_2023_k_aud / total_revenue_2023_k_aud * 100,Net margin used here as a profitability metric; derived from the Department's finance tables.
University of Technology Sydney,New South Wales,730.23,https://www.education.gov.au/download/18777/2024-staff-appendix-1-actual-staff-fte/39838/document/xlsx,A1.17,K13,4122.31,https://www.education.gov.au/download/18777/2024-staff-appendix-1-actual-staff-fte/39838/document/xlsx,A1.10,I12,17.714097,https://www.education.gov.au/download/18777/2024-staff-appendix-1-actual-staff-fte/39838/document/xlsx,Derived as actual_casual_fte_2023 / total_actual_fte_2023 * 100,A1.17!K13;A1.10!I12,464.61,https://www.education.gov.au/download/18777/2024-staff-appendix-1-actual-staff-fte/39838/document/xlsx,A1.15,E12,11.270623,https://www.education.gov.au/download/18777/2024-staff-appendix-1-actual-staff-fte/39838/document/xlsx,Derived as casual_teaching_only_fte_2023 / total_actual_fte_2023 * 100,A1.15!E12;A1.10!I12,76.7,https://www.compared.edu.au/institution/university-of-technology-sydney/undergraduate,ComparED institution page,Overall undergraduate results – Had a positive overall experience,ComparED displays SES results pooled across the two most recent collection years.,URL verified via web search result,1146489.0,https://www.education.gov.au/download/18872/finance-2023-financial-reports-higher-education-providers/40111/2023-higher-education-providers-finance-tables/xlsx,Financial Performance,I5,Values are from the Financial Performance sheet and are in $'000.,-107025.0,https://www.education.gov.au/download/18872/finance-2023-financial-reports-higher-education-providers/40111/2023-higher-education-providers-finance-tables/xlsx,Financial Performance,I80,Values are from the Financial Performance sheet and are in $'000.,-9.335022,https://www.education.gov.au/download/18872/finance-2023-financial-reports-higher-education-providers/40111/2023-higher-education-providers-finance-tables/xlsx,Financial Performance,I5;I80,Derived as net_operating_result_2023_k_aud / total_revenue_2023_k_aud * 100,Net margin used here as a profitability metric; derived from the Department's finance tables.
University of Wollongong,New South Wales,346.15,https://www.education.gov.au/download/18777/2024-staff-appendix-1-actual-staff-fte/39838/document/xlsx,A1.17,K14,2657.89,https://www.education.gov.au/download/18777/2024-staff-appendix-1-actual-staff-fte/39838/document/xlsx,A1.10,I13,13.023489,https://www.education.gov.au/download/18777/2024-staff-appendix-1-actual-staff-fte/39838/document/xlsx,Derived as actual_casual_fte_2023 / total_actual_fte_2023 * 100,A1.17!K14;A1.10!I13,201.69,https://www.education.gov.au/download/18777/2024-staff-appendix-1-actual-staff-fte/39838/document/xlsx,A1.15,E13,7.58835,https://www.education.gov.au/download/18777/2024-staff-appendix-1-actual-staff-fte/39838/document/xlsx,Derived as casual_teaching_only_fte_2023 / total_actual_fte_2023 * 100,A1.15!E13;A1.10!I13,80.7,https://www.compared.edu.au/institution/university-of-wollongong/undergraduate,ComparED institution page,Overall undergraduate results – Had a positive overall experience,ComparED displays SES results pooled across the two most recent collection years.,URL constructed from standard ComparED institution-page pattern,697111.0,https://www.education.gov.au/download/18872/finance-2023-financial-reports-higher-education-providers/40111/2023-higher-education-providers-finance-tables/xlsx,Financial Performance,K5,Values are from the Financial Performance sheet and are in $'000.,-39089.0,https://www.education.gov.au/download/18872/finance-2023-financial-reports-higher-education-providers/40111/2023-higher-education-providers-finance-tables/xlsx,Financial Performance,K80,Values are from the Financial Performance sheet and are in $'000.,-5.607285,https://www.education.gov.au/download/18872/finance-2023-financial-reports-higher-education-providers/40111/2023-higher-education-providers-finance-tables/xlsx,Financial Performance,K5;K80,Derived as net_operating_result_2023_k_aud / total_revenue_2023_k_aud * 100,Net margin used here as a profitability metric; derived from the Department's finance tables.
University of the Sunshine Coast,Queensland,333.46,https://www.education.gov.au/download/18777/2024-staff-appendix-1-actual-staff-fte/39838/document/xlsx,A1.17,K32,1478.03,https://www.education.gov.au/download/18777/2024-staff-appendix-1-actual-staff-fte/39838/document/xlsx,A1.10,I31,22.561112,https://www.education.gov.au/download/18777/2024-staff-appendix-1-actual-staff-fte/39838/document/xlsx,Derived as actual_casual_fte_2023 / total_actual_fte_2023 * 100,A1.17!K32;A1.10!I31,155.49,https://www.education.gov.au/download/18777/2024-staff-appendix-1-actual-staff-fte/39838/document/xlsx,A1.15,E31,10.520084,https://www.education.gov.au/download/18777/2024-staff-appendix-1-actual-staff-fte/39838/document/xlsx,Derived as casual_teaching_only_fte_2023 / total_actual_fte_2023 * 100,A1.15!E31;A1.10!I31,80.7,https://www.compared.edu.au/institution/university-of-the-sunshine-coast/undergraduate,ComparED institution page,Overall undergraduate results – Had a positive overall experience,ComparED displays SES results pooled across the two most recent collection years.,URL verified via web search result,368692.0,https://www.education.gov.au/download/18872/finance-2023-financial-reports-higher-education-providers/40111/2023-higher-education-providers-finance-tables/xlsx,Financial Performance,X5,Values are from the Financial Performance sheet and are in $'000.,20858.0,https://www.education.gov.au/download/18872/finance-2023-financial-reports-higher-education-providers/40111/2023-higher-education-providers-finance-tables/xlsx,Financial Performance,X80,Values are from the Financial Performance sheet and are in $'000.,5.657297,https://www.education.gov.au/download/18872/finance-2023-financial-reports-higher-education-providers/40111/2023-higher-education-providers-finance-tables/xlsx,Financial Performance,X5;X80,Derived as net_operating_result_2023_k_aud / total_revenue_2023_k_aud * 100,Net margin used here as a profitability metric; derived from the Department's finance tables.
Victoria University,Victoria,291.48,https://www.education.gov.au/download/18777/2024-staff-appendix-1-actual-staff-fte/39838/document/xlsx,A1.17,K24,1582.55,https://www.education.gov.au/download/18777/2024-staff-appendix-1-actual-staff-fte/39838/document/xlsx,A1.10,I23,18.418375,https://www.education.gov.au/download/18777/2024-staff-appendix-1-actual-staff-fte/39838/document/xlsx,Derived as actual_casual_fte_2023 / total_actual_fte_2023 * 100,A1.17!K24;A1.10!I23,189.88,https://www.education.gov.au/download/18777/2024-staff-appendix-1-actual-staff-fte/39838/document/xlsx,A1.15,E23,11.998357,https://www.education.gov.au/download/18777/2024-staff-appendix-1-actual-staff-fte/39838/document/xlsx,Derived as casual_teaching_only_fte_2023 / total_actual_fte_2023 * 100,A1.15!E23;A1.10!I23,80.0,https://www.compared.edu.au/institution/victoria-university/undergraduate,ComparED institution page,Overall undergraduate results – Had a positive overall experience,ComparED displays SES results pooled across the two most recent collection years.,URL constructed from standard ComparED institution-page pattern,539538.0,https://www.education.gov.au/download/18872/finance-2023-financial-reports-higher-education-providers/40111/2023-higher-education-providers-finance-tables/xlsx,Financial Performance,S5,Values are from the Financial Performance sheet and are in $'000.,-18140.0,https://www.education.gov.au/download/18872/finance-2023-financial-reports-higher-education-providers/40111/2023-higher-education-providers-finance-tables/xlsx,Financial Performance,S80,Values are from the Financial Performance sheet and are in $'000.,-3.362136,https://www.education.gov.au/download/18872/finance-2023-financial-reports-higher-education-providers/40111/2023-higher-education-providers-finance-tables/xlsx,Financial Performance,S5;S80,Derived as net_operating_result_2023_k_aud / total_revenue_2023_k_aud * 100,Net margin used here as a profitability metric; derived from the Department's finance tables.
Western Sydney University,New South Wales,754.29,https://www.education.gov.au/download/18777/2024-staff-appendix-1-actual-staff-fte/39838/document/xlsx,A1.17,K15,3275.15,https://www.education.gov.au/download/18777/2024-staff-appendix-1-actual-staff-fte/39838/document/xlsx,A1.10,I14,23.030701,https://www.education.gov.au/download/18777/2024-staff-appendix-1-actual-staff-fte/39838/document/xlsx,Derived as actual_casual_fte_2023 / total_actual_fte_2023 * 100,A1.17!K15;A1.10!I14,505.64,https://www.education.gov.au/download/18777/2024-staff-appendix-1-actual-staff-fte/39838/document/xlsx,A1.15,E14,15.438682,https://www.education.gov.au/download/18777/2024-staff-appendix-1-actual-staff-fte/39838/document/xlsx,Derived as casual_teaching_only_fte_2023 / total_actual_fte_2023 * 100,A1.15!E14;A1.10!I14,74.7,https://www.compared.edu.au/institution/western-sydney-university/undergraduate,ComparED institution page,Overall undergraduate results – Had a positive overall experience,ComparED displays SES results pooled across the two most recent collection years.,URL constructed from standard ComparED institution-page pattern,975679.0,https://www.education.gov.au/download/18872/finance-2023-financial-reports-higher-education-providers/40111/2023-higher-education-providers-finance-tables/xlsx,Financial Performance,J5,Values are from the Financial Performance sheet and are in $'000.,-147621.0,https://www.education.gov.au/download/18872/finance-2023-financial-reports-higher-education-providers/40111/2023-higher-education-providers-finance-tables/xlsx,Financial Performance,J80,Values are from the Financial Performance sheet and are in $'000.,-15.130079,https://www.education.gov.au/download/18872/finance-2023-financial-reports-higher-education-providers/40111/2023-higher-education-providers-finance-tables/xlsx,Financial Performance,J5;J80,Derived as net_operating_result_2023_k_aud / total_revenue_2023_k_aud * 100,Net margin used here as a profitability metric; derived from the Department's finance tables.
